{"lr": 0.009997995177323568, "data_time": 0.003969573974609375, "loss": 0.04516649134457111, "decode.loss_focal": 0.022504403884522618, "decode.acc_seg": 96.88623046875, "aux.loss_focal": 0.022662087180651724, "aux.acc_seg": 93.90478515625, "time": 1.3174423933029176, "iter": 10, "memory": 9563, "step": 10}
{"lr": 0.00999576754365263, "data_time": 0.0045422792434692385, "loss": 0.013624811870977282, "decode.loss_focal": 0.007234890572726726, "decode.acc_seg": 99.95703125, "aux.loss_focal": 0.006389921321533621, "aux.acc_seg": 100.0, "time": 0.19655182361602783, "iter": 20, "memory": 2123, "step": 20}
{"lr": 0.00999353985426229, "data_time": 0.004178476333618164, "loss": 0.014882761193439365, "decode.loss_focal": 0.007628672756254673, "decode.acc_seg": 97.58251953125, "aux.loss_focal": 0.00725408848375082, "aux.acc_seg": 97.58837890625, "time": 0.198020339012146, "iter": 30, "memory": 2123, "step": 30}
{"lr": 0.009991312109137215, "data_time": 0.004225373268127441, "loss": 0.008510527317412198, "decode.loss_focal": 0.004137467354303226, "decode.acc_seg": 100.0, "aux.loss_focal": 0.004373059736099094, "aux.acc_seg": 99.96728515625, "time": 0.1963179111480713, "iter": 40, "memory": 2123, "step": 40}
{"lr": 0.009989084308262066, "data_time": 0.0043637752532958984, "loss": 0.010867891600355506, "decode.loss_focal": 0.005545583949424326, "decode.acc_seg": 98.328125, "aux.loss_focal": 0.0053223075228743255, "aux.acc_seg": 99.09228515625, "time": 0.1982633113861084, "iter": 50, "memory": 2123, "step": 50}
{"lr": 0.009986856451621492, "data_time": 0.004474735260009766, "loss": 0.012114309705793858, "decode.loss_focal": 0.005852493178099394, "decode.acc_seg": 96.9072265625, "aux.loss_focal": 0.006261816783808172, "aux.acc_seg": 97.15087890625, "time": 0.19979219436645507, "iter": 60, "memory": 2123, "step": 60}
{"lr": 0.009984628539200133, "data_time": 0.004394960403442383, "loss": 0.009017038135789334, "decode.loss_focal": 0.004824062093393877, "decode.acc_seg": 99.2666015625, "aux.loss_focal": 0.00419297608314082, "aux.acc_seg": 99.60400390625, "time": 0.1982184886932373, "iter": 70, "memory": 2123, "step": 70}
{"lr": 0.00998240057098262, "data_time": 0.0043393135070800785, "loss": 0.009520856430754066, "decode.loss_focal": 0.004763429332524538, "decode.acc_seg": 96.3798828125, "aux.loss_focal": 0.004757427144795656, "aux.acc_seg": 96.0732421875, "time": 0.20048062801361083, "iter": 80, "memory": 2123, "step": 80}
{"lr": 0.009980172546953579, "data_time": 0.004653835296630859, "loss": 0.007744091260246932, "decode.loss_focal": 0.0035310650826431813, "decode.acc_seg": 99.4208984375, "aux.loss_focal": 0.004213026177603751, "aux.acc_seg": 99.54296875, "time": 0.19950740337371825, "iter": 90, "memory": 2123, "step": 90}
{"lr": 0.00997794446709763, "data_time": 0.004843425750732422, "loss": 0.00829838786739856, "decode.loss_focal": 0.004383205273188651, "decode.acc_seg": 99.93798828125, "aux.loss_focal": 0.00391518248943612, "aux.acc_seg": 99.85595703125, "time": 0.1998162031173706, "iter": 100, "memory": 2123, "step": 100}
{"lr": 0.009975716331399381, "data_time": 0.004460525512695312, "loss": 0.010280754137784242, "decode.loss_focal": 0.005120589688885957, "decode.acc_seg": 99.919921875, "aux.loss_focal": 0.005160164635162801, "aux.acc_seg": 99.8662109375, "time": 0.19953839778900145, "iter": 110, "memory": 2123, "step": 110}
{"lr": 0.009973488139843433, "data_time": 0.004225873947143554, "loss": 0.007175841857679189, "decode.loss_focal": 0.0034850296331569554, "decode.acc_seg": 99.8095703125, "aux.loss_focal": 0.0036908122012391685, "aux.acc_seg": 99.56591796875, "time": 0.19800164699554443, "iter": 120, "memory": 2123, "step": 120}
{"lr": 0.009971259892414373, "data_time": 0.004195451736450195, "loss": 0.006642728811129928, "decode.loss_focal": 0.0032424170640297234, "decode.acc_seg": 99.0712890625, "aux.loss_focal": 0.0034003117005340757, "aux.acc_seg": 99.18310546875, "time": 0.196991491317749, "iter": 130, "memory": 2123, "step": 130}
{"lr": 0.009969031589096794, "data_time": 0.005321311950683594, "loss": 0.005830995121505112, "decode.loss_focal": 0.0028858937439508736, "decode.acc_seg": 99.08447265625, "aux.loss_focal": 0.002945101400837302, "aux.acc_seg": 99.04541015625, "time": 0.19966464042663573, "iter": 140, "memory": 2123, "step": 140}
{"lr": 0.009966803229875268, "data_time": 0.004319477081298828, "loss": 0.008272660104557872, "decode.loss_focal": 0.004016106732888147, "decode.acc_seg": 99.765625, "aux.loss_focal": 0.004256553307641298, "aux.acc_seg": 99.544921875, "time": 0.19682698249816893, "iter": 150, "memory": 2123, "step": 150}
{"lr": 0.009964574814734365, "data_time": 0.004484748840332032, "loss": 0.008922257786616683, "decode.loss_focal": 0.004379635187797248, "decode.acc_seg": 99.1982421875, "aux.loss_focal": 0.004542622691951692, "aux.acc_seg": 99.16650390625, "time": 0.19919934272766113, "iter": 160, "memory": 2123, "step": 160}
{"lr": 0.009962346343658644, "data_time": 0.004183053970336914, "loss": 0.008243128564208746, "decode.loss_focal": 0.003965434135170654, "decode.acc_seg": 98.9794921875, "aux.loss_focal": 0.004277694493066519, "aux.acc_seg": 98.689453125, "time": 0.19620447158813475, "iter": 170, "memory": 2123, "step": 170}
{"lr": 0.009960117816632657, "data_time": 0.004354619979858398, "loss": 0.005560573516413569, "decode.loss_focal": 0.0027214242960326373, "decode.acc_seg": 99.1884765625, "aux.loss_focal": 0.002839149191277102, "aux.acc_seg": 99.19873046875, "time": 0.19728233814239501, "iter": 180, "memory": 2123, "step": 180}
{"lr": 0.009957889233640951, "data_time": 0.004277443885803223, "loss": 0.008046409720554948, "decode.loss_focal": 0.003836192237213254, "decode.acc_seg": 97.7587890625, "aux.loss_focal": 0.004210217436775565, "aux.acc_seg": 98.08837890625, "time": 0.19612481594085693, "iter": 190, "memory": 2123, "step": 190}
{"lr": 0.009955660594668054, "data_time": 0.0041778564453125, "loss": 0.00927107313182205, "decode.loss_focal": 0.004452872159890831, "decode.acc_seg": 99.525390625, "aux.loss_focal": 0.004818200995214283, "aux.acc_seg": 99.44482421875, "time": 0.19634771347045898, "iter": 200, "memory": 2123, "step": 200}
{"aAcc": 99.31, "mDice": 79.04, "mAcc": 82.46, "mIoU": 70.29, "mFscore": 79.04, "mPrecision": 76.29, "mRecall": 82.46, "data_time": 0.010992126031355425, "time": 0.2543600255792791, "step": 200}
{"lr": 0.009953431899698504, "data_time": 0.009118962287902831, "loss": 0.00534174672793597, "decode.loss_focal": 0.0026677124435082076, "decode.acc_seg": 98.89404296875, "aux.loss_focal": 0.002674034214578569, "aux.acc_seg": 99.1650390625, "time": 0.2041930913925171, "iter": 210, "memory": 2122, "step": 210}
{"lr": 0.009951203148716815, "data_time": 0.00423743724822998, "loss": 0.0066290224436670545, "decode.loss_focal": 0.003282436216250062, "decode.acc_seg": 99.9990234375, "aux.loss_focal": 0.0033465862681623547, "aux.acc_seg": 100.0, "time": 0.19621765613555908, "iter": 220, "memory": 2122, "step": 220}
{"lr": 0.009948974341707497, "data_time": 0.004402804374694824, "loss": 0.007622909685596824, "decode.loss_focal": 0.0038186323654372245, "decode.acc_seg": 99.00146484375, "aux.loss_focal": 0.003804277436574921, "aux.acc_seg": 99.08154296875, "time": 0.19689488410949707, "iter": 230, "memory": 2122, "step": 230}
{"lr": 0.009946745478655051, "data_time": 0.004140877723693847, "loss": 0.0071347006130963566, "decode.loss_focal": 0.0034202332375571133, "decode.acc_seg": 98.23046875, "aux.loss_focal": 0.0037144673871807752, "aux.acc_seg": 98.6630859375, "time": 0.1954212188720703, "iter": 240, "memory": 2122, "step": 240}
{"lr": 0.00994451655954398, "data_time": 0.0041532754898071286, "loss": 0.00744662587530911, "decode.loss_focal": 0.0038468267186544834, "decode.acc_seg": 97.861328125, "aux.loss_focal": 0.0035997990984469653, "aux.acc_seg": 97.93603515625, "time": 0.19664888381958007, "iter": 250, "memory": 2122, "step": 250}
{"lr": 0.009942287584358764, "data_time": 0.004145312309265137,