{"lr": 0.000999817743393051, "data_time": 0.004756999015808105, "loss": 0.19905349984765053, "decode.loss_ce": 0.14298743940889835, "decode.acc_seg": 93.880859375, "aux.loss_ce": 0.05606606062501669, "aux.acc_seg": 93.880859375, "time": 0.8415916919708252, "iter": 10, "memory": 9564, "step": 10}
{"lr": 0.0009996152312411466, "data_time": 0.004308962821960449, "loss": 0.10682537201792001, "decode.loss_ce": 0.07809195620939136, "decode.acc_seg": 100.0, "aux.loss_ce": 0.028733414970338343, "aux.acc_seg": 100.0, "time": 0.19613065719604492, "iter": 20, "memory": 2238, "step": 20}
{"lr": 0.0009994127140238425, "data_time": 0.00421454906463623, "loss": 0.15069484058767557, "decode.loss_ce": 0.10421874597668648, "decode.acc_seg": 97.6259765625, "aux.loss_ce": 0.046476094517856836, "aux.acc_seg": 97.6259765625, "time": 0.19591128826141357, "iter": 30, "memory": 2238, "step": 30}
{"lr": 0.0009992101917397447, "data_time": 0.00469214916229248, "loss": 0.08462754655629397, "decode.loss_ce": 0.06095396084710956, "decode.acc_seg": 100.0, "aux.loss_ce": 0.023673585336655378, "aux.acc_seg": 100.0, "time": 0.19680533409118653, "iter": 40, "memory": 2238, "step": 40}
{"lr": 0.0009990076643874577, "data_time": 0.004315614700317383, "loss": 0.11761374212801456, "decode.loss_ce": 0.08409368116408586, "decode.acc_seg": 97.9443359375, "aux.loss_ce": 0.03352006133645773, "aux.acc_seg": 97.9443359375, "time": 0.19700682163238525, "iter": 50, "memory": 2238, "step": 50}
{"lr": 0.0009988051319655866, "data_time": 0.004460644721984863, "loss": 0.14794731363654137, "decode.loss_ce": 0.10548311211168766, "decode.acc_seg": 94.5546875, "aux.loss_ce": 0.0424642039462924, "aux.acc_seg": 94.5546875, "time": 0.19815630912780763, "iter": 60, "memory": 2238, "step": 60}
{"lr": 0.000998602594472735, "data_time": 0.004291605949401855, "loss": 0.08465828597545624, "decode.loss_ce": 0.060291619040071964, "decode.acc_seg": 99.490234375, "aux.loss_ce": 0.024366667587310077, "aux.acc_seg": 99.490234375, "time": 0.1976381301879883, "iter": 70, "memory": 2238, "step": 70}
{"lr": 0.0009984000519075058, "data_time": 0.004236197471618653, "loss": 0.09110460393130779, "decode.loss_ce": 0.06412126626819373, "decode.acc_seg": 95.6982421875, "aux.loss_ce": 0.026983337430283427, "aux.acc_seg": 95.6982421875, "time": 0.1957547664642334, "iter": 80, "memory": 2238, "step": 80}
{"lr": 0.0009981975042685019, "data_time": 0.004256916046142578, "loss": 0.09727872759103776, "decode.loss_ce": 0.06822158107534051, "decode.acc_seg": 99.54296875, "aux.loss_ce": 0.02905714586377144, "aux.acc_seg": 99.54296875, "time": 0.1977696657180786, "iter": 90, "memory": 2238, "step": 90}
{"lr": 0.0009979949515543244, "data_time": 0.004275727272033692, "loss": 0.11882992722094059, "decode.loss_ce": 0.08639415539801121, "decode.acc_seg": 99.9853515625, "aux.loss_ce": 0.03243577172979713, "aux.acc_seg": 99.9853515625, "time": 0.1974606990814209, "iter": 100, "memory": 2238, "step": 100}
{"lr": 0.0009977923937635736, "data_time": 0.004366517066955566, "loss": 0.10128884222358465, "decode.loss_ce": 0.06913977460935712, "decode.acc_seg": 100.0, "aux.loss_ce": 0.032149067241698505, "aux.acc_seg": 100.0, "time": 0.1971365213394165, "iter": 110, "memory": 2238, "step": 110}
{"lr": 0.0009975898308948502, "data_time": 0.004394412040710449, "loss": 0.08443359974771739, "decode.loss_ce": 0.058352272026240826, "decode.acc_seg": 99.216796875, "aux.loss_ce": 0.026081327814608812, "aux.acc_seg": 99.216796875, "time": 0.19716331958770753, "iter": 120, "memory": 2238, "step": 120}
{"lr": 0.0009973872629467533, "data_time": 0.004315304756164551, "loss": 0.0625921681523323, "decode.loss_ce": 0.043978554848581555, "decode.acc_seg": 98.8359375, "aux.loss_ce": 0.01861361404880881, "aux.acc_seg": 98.8359375, "time": 0.19704689979553222, "iter": 130, "memory": 2238, "step": 130}
{"lr": 0.0009971846899178819, "data_time": 0.004323363304138184, "loss": 0.05436380729079247, "decode.loss_ce": 0.039223362877964976, "decode.acc_seg": 99.0869140625, "aux.loss_ce": 0.015140443900600075, "aux.acc_seg": 99.0078125, "time": 0.1983865737915039, "iter": 140, "memory": 2238, "step": 140}
{"lr": 0.0009969821118068335, "data_time": 0.0043365478515625, "loss": 0.09664702136069536, "decode.loss_ce": 0.06628742534667253, "decode.acc_seg": 99.814453125, "aux.loss_ce": 0.03035959620028734, "aux.acc_seg": 99.814453125, "time": 0.19697394371032714, "iter": 150, "memory": 2238, "step": 150}
{"lr": 0.0009967795286122058, "data_time": 0.004442691802978516, "loss": 0.10256594233214855, "decode.loss_ce": 0.07177910953760147, "decode.acc_seg": 99.3671875, "aux.loss_ce": 0.030786830745637418, "aux.acc_seg": 99.3671875, "time": 0.19693992137908936, "iter": 160, "memory": 2238, "step": 160}
{"lr": 0.000996576940332594, "data_time": 0.004258275032043457, "loss": 0.10625969767570495, "decode.loss_ce": 0.07165339179337024, "decode.acc_seg": 98.71240234375, "aux.loss_ce": 0.0346063076518476, "aux.acc_seg": 98.70703125, "time": 0.19725503921508789, "iter": 170, "memory": 2238, "step": 170}
{"lr": 0.0009963743469665945, "data_time": 0.004287314414978027, "loss": 0.06758098863065243, "decode.loss_ce": 0.04618061278015375, "decode.acc_seg": 99.1328125, "aux.loss_ce": 0.021400375431403516, "aux.acc_seg": 99.1328125, "time": 0.19667651653289794, "iter": 180, "memory": 2238, "step": 180}
{"lr": 0.0009961717485128022, "data_time": 0.0042906999588012695, "loss": 0.08722041808068752, "decode.loss_ce": 0.060617472790181634, "decode.acc_seg": 99.01318359375, "aux.loss_ce": 0.02660294563975185, "aux.acc_seg": 98.67578125, "time": 0.19629225730895997, "iter": 190, "memory": 2238, "step": 190}
{"lr": 0.0009959691449698113, "data_time": 0.004238200187683105, "loss": 0.10121848471462727, "decode.loss_ce": 0.0716570395976305, "decode.acc_seg": 96.18310546875, "aux.loss_ce": 0.029561444651335478, "aux.acc_seg": 98.91015625, "time": 0.1962967872619629, "iter": 200, "memory": 2238, "step": 200}
{"lr": 0.0009957665363362156, "data_time": 0.1757516622543335, "loss": 0.05373723302036524, "decode.loss_ce": 0.033843477815389635, "decode.acc_seg": 98.994140625, "aux.loss_ce": 0.019893755204975605, "aux.acc_seg": 98.994140625, "time": 0.37192378044128416, "iter": 210, "memory": 2238, "step": 210}
{"lr": 0.0009955639226106074, "data_time": 0.004192256927490234, "loss": 0.06558458153158427, "decode.loss_ce": 0.04586346279829741, "decode.acc_seg": 100.0, "aux.loss_ce": 0.0197211183141917, "aux.acc_seg": 100.0, "time": 0.19674084186553956, "iter": 220, "memory": 2238, "step": 220}
{"lr": 0.0009953613037915776, "data_time": 0.004332900047302246, "loss": 0.09226029813289642, "decode.loss_ce": 0.06266304180026054, "decode.acc_seg": 98.939453125, "aux.loss_ce": 0.029597255820408463, "aux.acc_seg": 98.939453125, "time": 0.19690556526184083, "iter": 230, "memory": 2238, "step": 230}
{"lr": 0.0009951586798777187, "data_time": 0.004486775398254395, "loss": 0.0733472716063261, "decode.loss_ce": 0.05010133255273104, "decode.acc_seg": 97.330078125, "aux.loss_ce": 0.023245939053595066, "aux.acc_seg": 97.330078125, "time": 0.19919261932373047, "iter": 240, "memory": 2238, "step": 240}
{"lr": 0.0009949560508676206, "data_time": 0.004763031005859375, "loss": 0.07211353853344918, "decode.loss_ce": 0.051091022230684756, "decode.acc_seg": 93.34326171875, "aux.loss_ce": 0.021022516768425703, "aux.acc_seg": 93.091796875, "time": 0.19873518943786622, "iter": 250, "memory": 2238, "step": 250}
{"lr": 0.0009947534167598735, "data_time": 0.004445910453796387, "loss": 0.04572170451283455, "decode.loss_ce": 0.032780569046735764, "decode.acc_seg": 99.37744140625, "aux.loss_ce": 0.012941135559231043, "aux.acc_seg": 99.375, "time": 0.1989290952682495, "iter": 260, "memory": 2238, "step": 260}
{"lr": 0.0009945507775530652, "data_time": 0.004437923431396484, "loss": 0.10122421868145466, "decode.loss_ce": 0.07098925001919269, "decode.acc_seg": 91.5732421875, "aux.loss_ce": 0.030234969314187767, "aux.acc_seg": 91.5732421875,