{"lr": 0.009997995177323568, "data_time": 0.0036866188049316405, "loss": 0.41842410191893575, "decode.loss_ce": 0.2570901572704315, "decode.acc_seg": 97.00521087646484, "aux.loss_ce": 0.16133393868803977, "aux.acc_seg": 97.00521087646484, "time": 0.6946782827377319, "iter": 10, "memory": 9549, "step": 10}
{"lr": 0.00999576754365263, "data_time": 0.004331707954406738, "loss": 0.06727892765775323, "decode.loss_ce": 0.03402750024106353, "decode.acc_seg": 100.0, "aux.loss_ce": 0.03325142674148083, "aux.acc_seg": 100.0, "time": 0.104117751121521, "iter": 20, "memory": 1402, "step": 20}
{"lr": 0.00999353985426229, "data_time": 0.003863215446472168, "loss": 0.06592425275593997, "decode.loss_ce": 0.04373964718542993, "decode.acc_seg": 98.49317169189453, "aux.loss_ce": 0.022184603847563267, "aux.acc_seg": 98.49317169189453, "time": 0.10258748531341552, "iter": 30, "memory": 1402, "step": 30}
{"lr": 0.009991312109137215, "data_time": 0.003940391540527344, "loss": 0.027436338644474745, "decode.loss_ce": 0.017283095326274634, "decode.acc_seg": 100.0, "aux.loss_ce": 0.010153243131935597, "aux.acc_seg": 100.0, "time": 0.10202901363372803, "iter": 40, "memory": 1402, "step": 40}
{"lr": 0.009989084308262066, "data_time": 0.0039738893508911135, "loss": 0.036189965344965457, "decode.loss_ce": 0.02256990522146225, "decode.acc_seg": 98.96871185302734, "aux.loss_ce": 0.01362006003037095, "aux.acc_seg": 98.96871185302734, "time": 0.10487349033355713, "iter": 50, "memory": 1402, "step": 50}
{"lr": 0.009986856451621492, "data_time": 0.0038518428802490233, "loss": 0.04062753729522228, "decode.loss_ce": 0.02572575444355607, "decode.acc_seg": 97.27128601074219, "aux.loss_ce": 0.014901782711967826, "aux.acc_seg": 97.27128601074219, "time": 0.10321364402770997, "iter": 60, "memory": 1402, "step": 60}
{"lr": 0.009984628539200133, "data_time": 0.003964042663574219, "loss": 0.024077484011650087, "decode.loss_ce": 0.015126413479447366, "decode.acc_seg": 99.7622299194336, "aux.loss_ce": 0.00895107032265514, "aux.acc_seg": 99.7622299194336, "time": 0.10557975769042968, "iter": 70, "memory": 1402, "step": 70}
{"lr": 0.00998240057098262, "data_time": 0.003801989555358887, "loss": 0.023908783122897147, "decode.loss_ce": 0.015454949624836446, "decode.acc_seg": 97.69210815429688, "aux.loss_ce": 0.008453833684325219, "aux.acc_seg": 97.69210815429688, "time": 0.10332677364349366, "iter": 80, "memory": 1402, "step": 80}
{"lr": 0.009980172546953579, "data_time": 0.003967666625976562, "loss": 0.02541479133069515, "decode.loss_ce": 0.01648578788153827, "decode.acc_seg": 99.7622299194336, "aux.loss_ce": 0.008929003495723009, "aux.acc_seg": 99.7622299194336, "time": 0.10429685115814209, "iter": 90, "memory": 1402, "step": 90}
{"lr": 0.00997794446709763, "data_time": 0.00442814826965332, "loss": 0.024426158517599106, "decode.loss_ce": 0.016037940699607133, "decode.acc_seg": 99.35933685302734, "aux.loss_ce": 0.00838821732904762, "aux.acc_seg": 99.35933685302734, "time": 0.10517749786376954, "iter": 100, "memory": 1402, "step": 100}
{"lr": 0.009975716331399381, "data_time": 0.003931474685668945, "loss": 0.030938365263864398, "decode.loss_ce": 0.020743247191421687, "decode.acc_seg": 100.0, "aux.loss_ce": 0.010195118677802383, "aux.acc_seg": 100.0, "time": 0.10177888870239257, "iter": 110, "memory": 1402, "step": 110}
{"lr": 0.009973488139843433, "data_time": 0.003907966613769531, "loss": 0.022379461978562176, "decode.loss_ce": 0.014797658240422607, "decode.acc_seg": 99.46029663085938, "aux.loss_ce": 0.007581803714856505, "aux.acc_seg": 99.46029663085938, "time": 0.1029841423034668, "iter": 120, "memory": 1402, "step": 120}
{"lr": 0.009971259892414373, "data_time": 0.003942227363586426, "loss": 0.016042517172172664, "decode.loss_ce": 0.01041354441549629, "decode.acc_seg": 99.44048309326172, "aux.loss_ce": 0.005628972919657827, "aux.acc_seg": 99.44048309326172, "time": 0.10236856937408448, "iter": 130, "memory": 1402, "step": 130}
{"lr": 0.009969031589096794, "data_time": 0.004232287406921387, "loss": 0.015995675371959804, "decode.loss_ce": 0.010440020449459552, "decode.acc_seg": 99.50464630126953, "aux.loss_ce": 0.00555565464310348, "aux.acc_seg": 99.50464630126953, "time": 0.1036250114440918, "iter": 140, "memory": 1402, "step": 140}
{"lr": 0.009966803229875268, "data_time": 0.004189848899841309, "loss": 0.025331249926239252, "decode.loss_ce": 0.01704899361357093, "decode.acc_seg": 99.90376281738281, "aux.loss_ce": 0.008282256219536066, "aux.acc_seg": 99.90376281738281, "time": 0.1031390905380249, "iter": 150, "memory": 1402, "step": 150}
{"lr": 0.009964574814734365, "data_time": 0.0041762590408325195, "loss": 0.025057916156947614, "decode.loss_ce": 0.016818089922890068, "decode.acc_seg": 99.6716537475586, "aux.loss_ce": 0.008239825954660773, "aux.acc_seg": 99.6716537475586, "time": 0.10252249240875244, "iter": 160, "memory": 1402, "step": 160}
{"lr": 0.009962346343658644, "data_time": 0.00392618179321289, "loss": 0.025219570426270366, "decode.loss_ce": 0.016959296190179884, "decode.acc_seg": 99.34896087646484, "aux.loss_ce": 0.008260273886844516, "aux.acc_seg": 99.34896087646484, "time": 0.10346240997314453, "iter": 170, "memory": 1402, "step": 170}
{"lr": 0.009960117816632657, "data_time": 0.004012966156005859, "loss": 0.016853513568639754, "decode.loss_ce": 0.01113305686158128, "decode.acc_seg": 99.46595764160156, "aux.loss_ce": 0.005720456701237708, "aux.acc_seg": 99.46595764160156, "time": 0.10454208850860595, "iter": 180, "memory": 1402, "step": 180}
{"lr": 0.009957889233640951, "data_time": 0.003851795196533203, "loss": 0.02055023340508342, "decode.loss_ce": 0.013763969345018268, "decode.acc_seg": 99.36311340332031, "aux.loss_ce": 0.006786263780668378, "aux.acc_seg": 99.36311340332031, "time": 0.10552372932434081, "iter": 190, "memory": 1402, "step": 190}
{"lr": 0.009955660594668054, "data_time": 0.004123830795288086, "loss": 0.029092361941002308, "decode.loss_ce": 0.0197395543102175, "decode.acc_seg": 99.70467376708984, "aux.loss_ce": 0.009352807351388038, "aux.acc_seg": 99.70561981201172, "time": 0.10443470478057862, "iter": 200, "memory": 1402, "step": 200}
{"aAcc": 99.27, "mIoU": 50.55, "mAcc": 50.92, "data_time": 0.007823640649968927, "time": 0.0962985862385143, "step": 200}
