{"lr": 0.009997995177323568, "data_time": 0.004077649116516114, "loss": 0.3861306354403496, "decode.loss_ce": 0.23050976563245057, "decode.acc_seg": 100.0, "aux.loss_ce": 0.15562086664140223, "aux.acc_seg": 100.0, "time": 0.6875311613082886, "iter": 10, "memory": 9549, "step": 10}
{"lr": 0.00999576754365263, "data_time": 0.004317522048950195, "loss": 0.030360686592757702, "decode.loss_ce": 0.005136218841653317, "decode.acc_seg": 100.0, "aux.loss_ce": 0.025224467646330594, "aux.acc_seg": 100.0, "time": 0.102691912651062, "iter": 20, "memory": 1402, "step": 20}
{"lr": 0.00999353985426229, "data_time": 0.0037643909454345703, "loss": 0.006879161763936281, "decode.loss_ce": 0.0008088258327916265, "decode.acc_seg": 100.0, "aux.loss_ce": 0.006070335931144655, "aux.acc_seg": 100.0, "time": 0.10683891773223878, "iter": 30, "memory": 1402, "step": 30}
{"lr": 0.009991312109137215, "data_time": 0.0039375066757202145, "loss": 0.0035827413201332094, "decode.loss_ce": 0.0003995793405920267, "decode.acc_seg": 100.0, "aux.loss_ce": 0.0031831619096919896, "aux.acc_seg": 100.0, "time": 0.10417654514312744, "iter": 40, "memory": 1402, "step": 40}
{"lr": 0.009989084308262066, "data_time": 0.004074358940124511, "loss": 0.002528124209493399, "decode.loss_ce": 0.0003174423094606027, "decode.acc_seg": 100.0, "aux.loss_ce": 0.002210681908763945, "aux.acc_seg": 100.0, "time": 0.10484919548034669, "iter": 50, "memory": 1402, "step": 50}
{"lr": 0.009986856451621492, "data_time": 0.00379796028137207, "loss": 0.0020749804330989718, "decode.loss_ce": 0.0002818127832142636, "decode.acc_seg": 100.0, "aux.loss_ce": 0.0017931676586158574, "aux.acc_seg": 100.0, "time": 0.10358004570007324, "iter": 60, "memory": 1402, "step": 60}
{"lr": 0.009984628539200133, "data_time": 0.004949593544006347, "loss": 0.0018804906751029194, "decode.loss_ce": 0.0002839371969457716, "decode.acc_seg": 100.0, "aux.loss_ce": 0.0015965534723363817, "aux.acc_seg": 100.0, "time": 0.10440764427185059, "iter": 70, "memory": 1402, "step": 70}
{"lr": 0.00998240057098262, "data_time": 0.0038674592971801756, "loss": 0.0017754626111127435, "decode.loss_ce": 0.00026939938543364407, "decode.acc_seg": 100.0, "aux.loss_ce": 0.001506063248962164, "aux.acc_seg": 100.0, "time": 0.10385367870330811, "iter": 80, "memory": 1402, "step": 80}
{"lr": 0.009980172546953579, "data_time": 0.0038186311721801758, "loss": 0.001703974511474371, "decode.loss_ce": 0.00026610101776896044, "decode.acc_seg": 100.0, "aux.loss_ce": 0.0014378734980709852, "aux.acc_seg": 100.0, "time": 0.10219054222106934, "iter": 90, "memory": 1402, "step": 90}
{"lr": 0.00997794446709763, "data_time": 0.0038177490234375, "loss": 0.0014769995235837997, "decode.loss_ce": 0.00024530017835786564, "decode.acc_seg": 100.0, "aux.loss_ce": 0.0012316993437707425, "aux.acc_seg": 100.0, "time": 0.10104022026062012, "iter": 100, "memory": 1402, "step": 100}
{"lr": 0.009975716331399381, "data_time": 0.003842878341674805, "loss": 0.0014983688248321413, "decode.loss_ce": 0.0002524342969991267, "decode.acc_seg": 100.0, "aux.loss_ce": 0.0012459345278330147, "aux.acc_seg": 100.0, "time": 0.1035470724105835, "iter": 110, "memory": 1402, "step": 110}
{"lr": 0.009973488139843433, "data_time": 0.003738117218017578, "loss": 0.0013564334949478507, "decode.loss_ce": 0.00022681626578560098, "decode.acc_seg": 100.0, "aux.loss_ce": 0.0011296172218862922, "aux.acc_seg": 100.0, "time": 0.10146722793579102, "iter": 120, "memory": 1402, "step": 120}
{"lr": 0.009971259892414373, "data_time": 0.004128146171569824, "loss": 0.0013659680145792664, "decode.loss_ce": 0.00024989840749185533, "decode.acc_seg": 100.0, "aux.loss_ce": 0.0011160696158185601, "aux.acc_seg": 100.0, "time": 0.10451908111572265, "iter": 130, "memory": 1402, "step": 130}
{"lr": 0.009969031589096794, "data_time": 0.004000520706176758, "loss": 0.0012837904039770364, "decode.loss_ce": 0.00022285267477855085, "decode.acc_seg": 100.0, "aux.loss_ce": 0.001060937758302316, "aux.acc_seg": 100.0, "time": 0.10319409370422364, "iter": 140, "memory": 1402, "step": 140}
{"lr": 0.009966803229875268, "data_time": 0.00372006893157959, "loss": 0.0012400654493831098, "decode.loss_ce": 0.0002478261652868241, "decode.acc_seg": 100.0, "aux.loss_ce": 0.0009922392608132213, "aux.acc_seg": 100.0, "time": 0.10243015289306641, "iter": 150, "memory": 1402, "step": 150}
{"lr": 0.009964574814734365, "data_time": 0.00375058650970459, "loss": 0.0012297424720600248, "decode.loss_ce": 0.00024404292780673132, "decode.acc_seg": 100.0, "aux.loss_ce": 0.0009856995311565697, "aux.acc_seg": 100.0, "time": 0.10142629146575928, "iter": 160, "memory": 1402, "step": 160}
{"lr": 0.009962346343658644, "data_time": 0.00379488468170166, "loss": 0.0011318933335132896, "decode.loss_ce": 0.00024035342794377358, "decode.acc_seg": 100.0, "aux.loss_ce": 0.000891539896838367, "aux.acc_seg": 100.0, "time": 0.10309059619903564, "iter": 170, "memory": 1402, "step": 170}
{"lr": 0.009960117816632657, "data_time": 0.003927803039550782, "loss": 0.0011313479160889983, "decode.loss_ce": 0.00023656330013182013, "decode.acc_seg": 100.0, "aux.loss_ce": 0.0008947846188675612, "aux.acc_seg": 100.0, "time": 0.10602219104766845, "iter": 180, "memory": 1402, "step": 180}
{"lr": 0.009957889233640951, "data_time": 0.004195904731750489, "loss": 0.0010471539688296616, "decode.loss_ce": 0.00021696571493521333, "decode.acc_seg": 100.0, "aux.loss_ce": 0.0008301882538944483, "aux.acc_seg": 100.0, "time": 0.10327579975128173, "iter": 190, "memory": 1402, "step": 190}
{"lr": 0.009955660594668054, "data_time": 0.003854203224182129, "loss": 0.0010231540130916984, "decode.loss_ce": 0.0002293756289873272, "decode.acc_seg": 100.0, "aux.loss_ce": 0.0007937783841043711, "aux.acc_seg": 100.0, "time": 0.1033327579498291, "iter": 200, "memory": 1402, "step": 200}
