{"lr": 0.009997995177323568, "data_time": 0.004852294921875, "loss": 0.23401340041309596, "decode.loss_ce": 0.16703446516767145, "decode.acc_seg": 93.880859375, "aux.loss_ce": 0.06697893519885838, "aux.acc_seg": 93.880859375, "time": 1.1234719276428222, "iter": 10, "memory": 9564, "step": 10}
{"lr": 0.00999576754365263, "data_time": 0.004170083999633789, "loss": 0.10126107893884181, "decode.loss_ce": 0.07259027920663357, "decode.acc_seg": 100.0, "aux.loss_ce": 0.028670800011605026, "aux.acc_seg": 100.0, "time": 0.19821741580963134, "iter": 20, "memory": 2237, "step": 20}
{"lr": 0.00999353985426229, "data_time": 0.004215788841247558, "loss": 0.14708916582167147, "decode.loss_ce": 0.10161574818193912, "decode.acc_seg": 97.6259765625, "aux.loss_ce": 0.045473416522145274, "aux.acc_seg": 97.6259765625, "time": 0.19898016452789308, "iter": 30, "memory": 2237, "step": 30}
{"lr": 0.009991312109137215, "data_time": 0.0042136192321777345, "loss": 0.08196600340306759, "decode.loss_ce": 0.05918692667037249, "decode.acc_seg": 100.0, "aux.loss_ce": 0.022779076546430587, "aux.acc_seg": 100.0, "time": 0.19811863899230958, "iter": 40, "memory": 2237, "step": 40}
{"lr": 0.009989084308262066, "data_time": 0.004338669776916504, "loss": 0.12058602347970009, "decode.loss_ce": 0.08564081247895956, "decode.acc_seg": 97.9443359375, "aux.loss_ce": 0.03494521044194698, "aux.acc_seg": 97.9443359375, "time": 0.19704432487487794, "iter": 50, "memory": 2237, "step": 50}
{"lr": 0.009986856451621492, "data_time": 0.004700112342834473, "loss": 0.15800770930945873, "decode.loss_ce": 0.11005784682929516, "decode.acc_seg": 94.5546875, "aux.loss_ce": 0.047949860244989394, "aux.acc_seg": 94.5546875, "time": 0.1998002529144287, "iter": 60, "memory": 2237, "step": 60}
{"lr": 0.009984628539200133, "data_time": 0.004078817367553711, "loss": 0.09555472284555436, "decode.loss_ce": 0.06941924449056387, "decode.acc_seg": 99.490234375, "aux.loss_ce": 0.02613548031076789, "aux.acc_seg": 99.490234375, "time": 0.19757866859436035, "iter": 70, "memory": 2237, "step": 70}
{"lr": 0.00998240057098262, "data_time": 0.004428768157958984, "loss": 0.10027029216289521, "decode.loss_ce": 0.0692674589343369, "decode.acc_seg": 95.6982421875, "aux.loss_ce": 0.031002834811806677, "aux.acc_seg": 95.6982421875, "time": 0.2006762742996216, "iter": 80, "memory": 2237, "step": 80}
{"lr": 0.009980172546953579, "data_time": 0.004228830337524414, "loss": 0.11469054445624352, "decode.loss_ce": 0.0821411719545722, "decode.acc_seg": 99.54296875, "aux.loss_ce": 0.03254937282763422, "aux.acc_seg": 99.54296875, "time": 0.19726593494415284, "iter": 90, "memory": 2237, "step": 90}
{"lr": 0.00997794446709763, "data_time": 0.004103565216064453, "loss": 0.1343641070649028, "decode.loss_ce": 0.09814103664830327, "decode.acc_seg": 99.9853515625, "aux.loss_ce": 0.03622307158075273, "aux.acc_seg": 99.9853515625, "time": 0.197851300239563, "iter": 100, "memory": 2237, "step": 100}
{"lr": 0.009975716331399381, "data_time": 0.004175519943237305, "loss": 0.13182952478528023, "decode.loss_ce": 0.0901429214514792, "decode.acc_seg": 97.9072265625, "aux.loss_ce": 0.04168660044670105, "aux.acc_seg": 100.0, "time": 0.19929428100585939, "iter": 110, "memory": 2237, "step": 110}
{"lr": 0.009973488139843433, "data_time": 0.004663872718811035, "loss": 0.11234199702739715, "decode.loss_ce": 0.08107211887836456, "decode.acc_seg": 99.216796875, "aux.loss_ce": 0.03126987786963582, "aux.acc_seg": 99.216796875, "time": 0.19859228134155274, "iter": 120, "memory": 2237, "step": 120}
{"lr": 0.009971259892414373, "data_time": 0.004283475875854492, "loss": 0.07454072050750256, "decode.loss_ce": 0.05227817539125681, "decode.acc_seg": 98.8359375, "aux.loss_ce": 0.022262545069679618, "aux.acc_seg": 98.8359375, "time": 0.19883544445037843, "iter": 130, "memory": 2237, "step": 130}
{"lr": 0.009969031589096794, "data_time": 0.0041713714599609375, "loss": 0.06738779991865158, "decode.loss_ce": 0.04858217816799879, "decode.acc_seg": 99.0078125, "aux.loss_ce": 0.018805621704086662, "aux.acc_seg": 99.0078125, "time": 0.19998364448547362, "iter": 140, "memory": 2237, "step": 140}
{"lr": 0.009966803229875268, "data_time": 0.0041435003280639645, "loss": 0.14037623964250087, "decode.loss_ce": 0.09844306465238332, "decode.acc_seg": 99.814453125, "aux.loss_ce": 0.04193317485041916, "aux.acc_seg": 99.814453125, "time": 0.1976706027984619, "iter": 150, "memory": 2237, "step": 150}
{"lr": 0.009964574814734365, "data_time": 0.004368472099304199, "loss": 0.1377210445702076, "decode.loss_ce": 0.09497247338294983, "decode.acc_seg": 99.3671875, "aux.loss_ce": 0.04274856969714165, "aux.acc_seg": 99.3671875, "time": 0.199912428855896, "iter": 160, "memory": 2237, "step": 160}
{"lr": 0.009962346343658644, "data_time": 0.004267001152038574, "loss": 0.12365364022552967, "decode.loss_ce": 0.08565169889479876, "decode.acc_seg": 98.70703125, "aux.loss_ce": 0.03800194039940834, "aux.acc_seg": 98.70703125, "time": 0.19889445304870607, "iter": 170, "memory": 2237, "step": 170}
{"lr": 0.009960117816632657, "data_time": 0.004157304763793945, "loss": 0.07292342483997345, "decode.loss_ce": 0.04988936167210341, "decode.acc_seg": 99.1328125, "aux.loss_ce": 0.023034061794169246, "aux.acc_seg": 99.1328125, "time": 0.19773390293121337, "iter": 180, "memory": 2237, "step": 180}
{"lr": 0.009957889233640951, "data_time": 0.0042967557907104496, "loss": 0.1282403450459242, "decode.loss_ce": 0.08874962963163853, "decode.acc_seg": 98.6611328125, "aux.loss_ce": 0.039490714739076796, "aux.acc_seg": 98.67578125, "time": 0.19853293895721436, "iter": 190, "memory": 2237, "step": 190}
{"lr": 0.009955660594668054, "data_time": 0.004428505897521973, "loss": 0.13244917802512646, "decode.loss_ce": 0.08967481590807438, "decode.acc_seg": 99.416015625, "aux.loss_ce": 0.042774359695613384, "aux.acc_seg": 99.416015625, "time": 0.20033814907073974, "iter": 200, "memory": 2237, "step": 200}
{"lr": 0.009953431899698504, "data_time": 0.14216125011444092, "loss": 0.07055809367448092, "decode.loss_ce": 0.047755458392202854, "decode.acc_seg": 98.994140625, "aux.loss_ce": 0.02280263532884419, "aux.acc_seg": 98.994140625, "time": 0.3373252868652344, "iter": 210, "memory": 2237, "step": 210}
{"lr": 0.009951203148716815, "data_time": 0.00437016487121582, "loss": 0.09877387285232545, "decode.loss_ce": 0.07259040279313922, "decode.acc_seg": 100.0, "aux.loss_ce": 0.026183469919487834, "aux.acc_seg": 100.0, "time": 0.19917447566986085, "iter": 220, "memory": 2237, "step": 220}
{"lr": 0.009948974341707497, "data_time": 0.004369425773620606, "loss": 0.12149498723447323, "decode.loss_ce": 0.08056653579697012, "decode.acc_seg": 98.939453125, "aux.loss_ce": 0.04092845260165632, "aux.acc_seg": 98.939453125, "time": 0.19947614669799804, "iter": 230, "memory": 2237, "step": 230}
{"lr": 0.009946745478655051, "data_time": 0.004147815704345703, "loss": 0.0979852743446827, "decode.loss_ce": 0.061800995096564296, "decode.acc_seg": 97.330078125, "aux.loss_ce": 0.03618427962064743, "aux.acc_seg": 97.330078125, "time": 0.1985027313232422, "iter": 240, "memory": 2237, "step": 240}
{"lr": 0.00994451655954398, "data_time": 0.004252719879150391, "loss": 0.1093316912651062, "decode.loss_ce": 0.07722190674394369, "decode.acc_seg": 93.091796875, "aux.loss_ce": 0.032109782192856075, "aux.acc_seg": 93.091796875, "time": 0.1983339548110962, "iter": 250, "memory": 2237, "step": 250}
{"lr": 0.009942287584358764, "data_time": 0.004628372192382812, "loss": 0.05052131563425064, "decode.loss_ce": 0.034620368480682374, "decode.acc_seg": 99.375, "aux.loss_ce": 0.015900947898626328, "aux.acc_seg": 99.375, "time": 0.20181589126586913, "iter": 260, "memory": 2237, "step": 260}
{"lr": 0.00994005855308388, "data_time": 0.004202818870544434, "loss": 0.16568705812096596, "decode.loss_ce": 0.11510323639959097, "decode.acc_seg": 91.5732421875, "aux.loss_ce": 0.050583822373300794, "aux.acc_seg": 91.5732421875, "time": 0.19775705337524413, "iter": 270, "memory": 2237,