{"lr": 0.009997995177323568, "data_time": 0.0038030147552490234, "loss": 0.38608879297971727, "decode.loss_ce": 0.23047237992286682, "decode.acc_seg": 100.0, "aux.loss_ce": 0.1556164100766182, "aux.acc_seg": 100.0, "time": 0.6950758695602417, "iter": 10, "memory": 9549, "step": 10}
{"lr": 0.00999576754365263, "data_time": 0.003883814811706543, "loss": 0.030349010415375233, "decode.loss_ce": 0.005072827846743166, "decode.acc_seg": 100.0, "aux.loss_ce": 0.025276182778179647, "aux.acc_seg": 100.0, "time": 0.10178394317626953, "iter": 20, "memory": 1401, "step": 20}
{"lr": 0.00999353985426229, "data_time": 0.003849697113037109, "loss": 0.006920660100877285, "decode.loss_ce": 0.000794294019578956, "decode.acc_seg": 100.0, "aux.loss_ce": 0.006126366020180285, "aux.acc_seg": 100.0, "time": 0.10200200080871583, "iter": 30, "memory": 1401, "step": 30}
{"lr": 0.009991312109137215, "data_time": 0.003874349594116211, "loss": 0.0035958652617409824, "decode.loss_ce": 0.000386912832618691, "decode.acc_seg": 100.0, "aux.loss_ce": 0.003208952443674207, "aux.acc_seg": 100.0, "time": 0.10296053886413574, "iter": 40, "memory": 1401, "step": 40}
{"lr": 0.009989084308262066, "data_time": 0.003973865509033203, "loss": 0.0025437790667638184, "decode.loss_ce": 0.0003197436890332028, "decode.acc_seg": 100.0, "aux.loss_ce": 0.002224035398103297, "aux.acc_seg": 100.0, "time": 0.10202686786651612, "iter": 50, "memory": 1401, "step": 50}
{"lr": 0.009986856451621492, "data_time": 0.0037389755249023437, "loss": 0.0020933007821440698, "decode.loss_ce": 0.00028240185347385707, "decode.acc_seg": 100.0, "aux.loss_ce": 0.0018108989112079143, "aux.acc_seg": 100.0, "time": 0.1032942533493042, "iter": 60, "memory": 1401, "step": 60}
{"lr": 0.009984628539200133, "data_time": 0.004038786888122559, "loss": 0.0018911281949840486, "decode.loss_ce": 0.0002717003910220228, "decode.acc_seg": 100.0, "aux.loss_ce": 0.0016194278141483665, "aux.acc_seg": 100.0, "time": 0.10366678237915039, "iter": 70, "memory": 1401, "step": 70}
{"lr": 0.00998240057098262, "data_time": 0.003987026214599609, "loss": 0.001800364872906357, "decode.loss_ce": 0.00026932207547361033, "decode.acc_seg": 100.0, "aux.loss_ce": 0.0015310427872464061, "aux.acc_seg": 100.0, "time": 0.10279004573822022, "iter": 80, "memory": 1401, "step": 80}
{"lr": 0.009980172546953579, "data_time": 0.004075074195861816, "loss": 0.0017185918521136045, "decode.loss_ce": 0.00026577886310406027, "decode.acc_seg": 100.0, "aux.loss_ce": 0.0014528130064718424, "aux.acc_seg": 100.0, "time": 0.10727143287658691, "iter": 90, "memory": 1401, "step": 90}
{"lr": 0.00997794446709763, "data_time": 0.0038183450698852537, "loss": 0.0014839244424365461, "decode.loss_ce": 0.00024271024303743616, "decode.acc_seg": 100.0, "aux.loss_ce": 0.0012412142124958337, "aux.acc_seg": 100.0, "time": 0.10148203372955322, "iter": 100, "memory": 1401, "step": 100}
{"lr": 0.009975716331399381, "data_time": 0.0038900136947631835, "loss": 0.0014975328580476344, "decode.loss_ce": 0.00024354927008971572, "decode.acc_seg": 100.0, "aux.loss_ce": 0.0012539835763163865, "aux.acc_seg": 100.0, "time": 0.10328528881072999, "iter": 110, "memory": 1401, "step": 110}
{"lr": 0.009973488139843433, "data_time": 0.003961348533630371, "loss": 0.0013719574897550046, "decode.loss_ce": 0.0002303741202922538, "decode.acc_seg": 100.0, "aux.loss_ce": 0.0011415833549108356, "aux.acc_seg": 100.0, "time": 0.10460190773010254, "iter": 120, "memory": 1401, "step": 120}
{"lr": 0.009971259892414373, "data_time": 0.00395047664642334, "loss": 0.0013715060777030885, "decode.loss_ce": 0.000246635646908544, "decode.acc_seg": 100.0, "aux.loss_ce": 0.0011248704395256937, "aux.acc_seg": 100.0, "time": 0.10362045764923096, "iter": 130, "memory": 1401, "step": 130}
{"lr": 0.009969031589096794, "data_time": 0.0037613630294799803, "loss": 0.001302812318317592, "decode.loss_ce": 0.00022523850784637034, "decode.acc_seg": 100.0, "aux.loss_ce": 0.0010775738104712219, "aux.acc_seg": 100.0, "time": 0.10153920650482177, "iter": 140, "memory": 1401, "step": 140}
{"lr": 0.009966803229875268, "data_time": 0.004220104217529297, "loss": 0.0012520660180598497, "decode.loss_ce": 0.00025203825643984603, "decode.acc_seg": 100.0, "aux.loss_ce": 0.0010000277776271104, "aux.acc_seg": 100.0, "time": 0.10494825839996338, "iter": 150, "memory": 1401, "step": 150}
{"lr": 0.009964574814734365, "data_time": 0.003849315643310547, "loss": 0.001236886205151677, "decode.loss_ce": 0.00023877631174400448, "decode.acc_seg": 100.0, "aux.loss_ce": 0.0009981098934076726, "aux.acc_seg": 100.0, "time": 0.10168230533599854, "iter": 160, "memory": 1401, "step": 160}
{"lr": 0.009962346343658644, "data_time": 0.003949594497680664, "loss": 0.0011454487801529467, "decode.loss_ce": 0.00024209195835283025, "decode.acc_seg": 100.0, "aux.loss_ce": 0.0009033568319864571, "aux.acc_seg": 100.0, "time": 0.10412518978118897, "iter": 170, "memory": 1401, "step": 170}
{"lr": 0.009960117816632657, "data_time": 0.0038718461990356447, "loss": 0.0011443497729487716, "decode.loss_ce": 0.00024009628250496463, "decode.acc_seg": 100.0, "aux.loss_ce": 0.0009042534977197648, "aux.acc_seg": 100.0, "time": 0.10405089855194091, "iter": 180, "memory": 1401, "step": 180}
{"lr": 0.009957889233640951, "data_time": 0.004074597358703613, "loss": 0.001057678903453052, "decode.loss_ce": 0.00021890575299039484, "decode.acc_seg": 100.0, "aux.loss_ce": 0.0008387731388211251, "aux.acc_seg": 100.0, "time": 0.1035623550415039, "iter": 190, "memory": 1401, "step": 190}
{"lr": 0.009955660594668054, "data_time": 0.004438233375549316, "loss": 0.0010320046974811703, "decode.loss_ce": 0.0002264998242026195, "decode.acc_seg": 100.0, "aux.loss_ce": 0.0008055048820096999, "aux.acc_seg": 100.0, "time": 0.10409286022186279, "iter": 200, "memory": 1401, "step": 200}
{"aAcc": 100.0, "mIoU": 100.0, "mAcc": 100.0, "data_time": 0.007781505584716797, "time": 0.09637916088104248, "step": 200}
