{"lr": 0.009997995177323568, "data_time": 0.003969931602478027, "loss": 0.07528798580169678, "decode.loss_dice": 0.03922946155071259, "decode.acc_seg": 93.900390625, "aux.loss_dice": 0.03605852425098419, "aux.acc_seg": 93.880859375, "time": 0.9807553768157959, "iter": 10, "memory": 9564, "step": 10}
{"lr": 0.00999576754365263, "data_time": 0.004360818862915039, "loss": 0.029137054085731508, "decode.loss_dice": 0.014197173714637756, "decode.acc_seg": 100.0, "aux.loss_dice": 0.01493988037109375, "aux.acc_seg": 100.0, "time": 0.19895288944244385, "iter": 20, "memory": 2121, "step": 20}
{"lr": 0.00999353985426229, "data_time": 0.004295730590820312, "loss": 0.04747039079666138, "decode.loss_dice": 0.021593534946441652, "decode.acc_seg": 97.6943359375, "aux.loss_dice": 0.025876855850219725, "aux.acc_seg": 97.6259765625, "time": 0.1977625846862793, "iter": 30, "memory": 2121, "step": 30}
{"lr": 0.009991312109137215, "data_time": 0.004222369194030762, "loss": 0.019517850875854493, "decode.loss_dice": 0.009283909201622009, "decode.acc_seg": 100.0, "aux.loss_dice": 0.010233941674232482, "aux.acc_seg": 100.0, "time": 0.1957392692565918, "iter": 40, "memory": 2121, "step": 40}
{"lr": 0.009989084308262066, "data_time": 0.004383897781372071, "loss": 0.0313025563955307, "decode.loss_dice": 0.01314859390258789, "decode.acc_seg": 98.67626953125, "aux.loss_dice": 0.01815396249294281, "aux.acc_seg": 98.02099609375, "time": 0.19895172119140625, "iter": 50, "memory": 2121, "step": 50}
{"lr": 0.009986856451621492, "data_time": 0.00449368953704834, "loss": 0.03287724554538727, "decode.loss_dice": 0.014994564652442931, "decode.acc_seg": 97.22509765625, "aux.loss_dice": 0.017882680892944335, "aux.acc_seg": 97.22021484375, "time": 0.19925327301025392, "iter": 60, "memory": 2121, "step": 60}
{"lr": 0.009984628539200133, "data_time": 0.0044769287109375, "loss": 0.020351612567901613, "decode.loss_dice": 0.010967305302619934, "decode.acc_seg": 99.47509765625, "aux.loss_dice": 0.009384307265281677, "aux.acc_seg": 99.5517578125, "time": 0.19828298091888427, "iter": 70, "memory": 2121, "step": 70}
{"lr": 0.00998240057098262, "data_time": 0.00468149185180664, "loss": 0.021037039160728455, "decode.loss_dice": 0.010727202892303467, "decode.acc_seg": 96.958984375, "aux.loss_dice": 0.010309836268424988, "aux.acc_seg": 96.72216796875, "time": 0.1996074438095093, "iter": 80, "memory": 2121, "step": 80}
{"lr": 0.009980172546953579, "data_time": 0.00435032844543457, "loss": 0.017366892099380492, "decode.loss_dice": 0.007910600304603577, "decode.acc_seg": 99.544921875, "aux.loss_dice": 0.009456291794776917, "aux.acc_seg": 99.58154296875, "time": 0.19655001163482666, "iter": 90, "memory": 2121, "step": 90}
{"lr": 0.00997794446709763, "data_time": 0.00429229736328125, "loss": 0.019025152921676634, "decode.loss_dice": 0.009735903143882752, "decode.acc_seg": 99.9052734375, "aux.loss_dice": 0.009289249777793884, "aux.acc_seg": 99.94873046875, "time": 0.19781081676483153, "iter": 100, "memory": 2121, "step": 100}
{"lr": 0.009975716331399381, "data_time": 0.004499244689941406, "loss": 0.023767152428627016, "decode.loss_dice": 0.011930239200592042, "decode.acc_seg": 99.88720703125, "aux.loss_dice": 0.011836913228034974, "aux.acc_seg": 99.84326171875, "time": 0.1976407289505005, "iter": 110, "memory": 2121, "step": 110}
{"lr": 0.009973488139843433, "data_time": 0.004430174827575684, "loss": 0.015893808007240294, "decode.loss_dice": 0.0076531052589416506, "decode.acc_seg": 99.798828125, "aux.loss_dice": 0.008240702748298644, "aux.acc_seg": 99.552734375, "time": 0.2004399299621582, "iter": 120, "memory": 2121, "step": 120}
{"lr": 0.009971259892414373, "data_time": 0.00536959171295166, "loss": 0.013584563136100769, "decode.loss_dice": 0.006456950306892395, "decode.acc_seg": 99.220703125, "aux.loss_dice": 0.007127612829208374, "aux.acc_seg": 99.3076171875, "time": 0.2035473108291626, "iter": 130, "memory": 2121, "step": 130}
{"lr": 0.009969031589096794, "data_time": 0.00433497428894043, "loss": 0.011823958158493042, "decode.loss_dice": 0.005914229154586792, "decode.acc_seg": 99.015625, "aux.loss_dice": 0.00590972900390625, "aux.acc_seg": 99.04736328125, "time": 0.19823980331420898, "iter": 140, "memory": 2121, "step": 140}
{"lr": 0.009966803229875268, "data_time": 0.004477477073669434, "loss": 0.019987675547599792, "decode.loss_dice": 0.010079380869865418, "decode.acc_seg": 99.7607421875, "aux.loss_dice": 0.009908294677734375, "aux.acc_seg": 99.55859375, "time": 0.19814176559448243, "iter": 150, "memory": 2121, "step": 150}
{"lr": 0.009964574814734365, "data_time": 0.004237937927246094, "loss": 0.019225510954856872, "decode.loss_dice": 0.009446477890014649, "decode.acc_seg": 99.33935546875, "aux.loss_dice": 0.009779033064842225, "aux.acc_seg": 99.22998046875, "time": 0.19731693267822265, "iter": 160, "memory": 2121, "step": 160}
{"lr": 0.009962346343658644, "data_time": 0.004329037666320801, "loss": 0.01759314239025116, "decode.loss_dice": 0.008381929993629456, "decode.acc_seg": 98.9814453125, "aux.loss_dice": 0.009211212396621704, "aux.acc_seg": 98.85693359375, "time": 0.19758517742156984, "iter": 170, "memory": 2121, "step": 170}
{"lr": 0.009960117816632657, "data_time": 0.00436711311340332, "loss": 0.012303581833839417, "decode.loss_dice": 0.006286329030990601, "decode.acc_seg": 99.36669921875, "aux.loss_dice": 0.006017252802848816, "aux.acc_seg": 99.41845703125, "time": 0.1974940776824951, "iter": 180, "memory": 2121, "step": 180}
{"lr": 0.009957889233640951, "data_time": 0.004198217391967773, "loss": 0.017309528589248658, "decode.loss_dice": 0.008461838960647583, "decode.acc_seg": 97.9775390625, "aux.loss_dice": 0.008847689628601075, "aux.acc_seg": 98.12060546875, "time": 0.19692015647888184, "iter": 190, "memory": 2121, "step": 190}
{"lr": 0.009955660594668054, "data_time": 0.004206061363220215, "loss": 0.018740591406822205, "decode.loss_dice": 0.009152618050575257, "decode.acc_seg": 99.56884765625, "aux.loss_dice": 0.009587973356246948, "aux.acc_seg": 99.529296875, "time": 0.19799470901489258, "iter": 200, "memory": 2121, "step": 200}
{"aAcc": 99.53, "mDice": 83.3, "mAcc": 81.6, "mIoU": 74.86, "mFscore": 83.3, "mPrecision": 85.19, "mRecall": 81.6, "data_time": 0.0071973367170854044, "time": 0.25417175076224585, "step": 200}
{"lr": 0.009953431899698504, "data_time": 0.004959917068481446, "loss": 0.01082136034965515, "decode.loss_dice": 0.005542874336242676, "decode.acc_seg": 99.30029296875, "aux.loss_dice": 0.005278486013412476, "aux.acc_seg": 99.427734375, "time": 0.20174477100372315, "iter": 210, "memory": 2120, "step": 210}
{"lr": 0.009951203148716815, "data_time": 0.004340529441833496, "loss": 0.012841349840164185, "decode.loss_dice": 0.006305888295173645, "decode.acc_seg": 99.994140625, "aux.loss_dice": 0.00653546154499054, "aux.acc_seg": 100.0, "time": 0.19823272228240968, "iter": 220, "memory": 2120, "step": 220}
{"lr": 0.009948974341707497, "data_time": 0.004084062576293945, "loss": 0.016922417283058166, "decode.loss_dice": 0.008483490347862244, "decode.acc_seg": 99.07958984375, "aux.loss_dice": 0.008438926935195924, "aux.acc_seg": 99.03955078125, "time": 0.19898533821105957, "iter": 230, "memory": 2120, "step": 230}
{"lr": 0.009946745478655051, "data_time": 0.004300212860107422, "loss": 0.014822006225585938, "decode.loss_dice": 0.007383111119270325, "decode.acc_seg": 98.56591796875, "aux.loss_dice": 0.007438895106315613, "aux.acc_seg": 98.68115234375, "time": 0.1984175205230713, "iter": 240, "memory": 2120, "step": 240}
{"lr": 0.00994451655954398, "data_time": 0.00423135757446289, "loss": 0.013962817192077637, "decode.loss_dice": 0.007101601362228394, "decode.acc_seg": 97.8837890625, "aux.loss_dice": 0.0068612158298492435, "aux.acc_seg": 98.107421875, "time": 0.19835538864135743, "iter": 250, "memory": 2120, "step": 250}
{"lr": 0.009942287584358764, "data_time": 0.0041283369064331055, "loss": 0.008448591828346253, "decode.loss_dice": 0.004165950417518616, "decode.acc_seg": 99.5625,