{"lr": 0.009997995177323568, "data_time": 0.005425786972045899, "loss": 0.23084109891206026, "decode.loss_ce": 0.16023979624733328, "decode.acc_seg": 93.880859375, "aux.loss_ce": 0.07060130322352051, "aux.acc_seg": 93.880859375, "time": 0.8631281614303589, "iter": 10, "memory": 9563, "step": 10}
{"lr": 0.00999576754365263, "data_time": 0.004448080062866211, "loss": 0.10675434917211532, "decode.loss_ce": 0.07992499526590109, "decode.acc_seg": 100.0, "aux.loss_ce": 0.026829352881759406, "aux.acc_seg": 100.0, "time": 0.20180630683898926, "iter": 20, "memory": 2234, "step": 20}
{"lr": 0.00999353985426229, "data_time": 0.00465705394744873, "loss": 0.1461236670613289, "decode.loss_ce": 0.10080908928066493, "decode.acc_seg": 97.6259765625, "aux.loss_ce": 0.04531457684934139, "aux.acc_seg": 97.6259765625, "time": 0.2024293899536133, "iter": 30, "memory": 2234, "step": 30}
{"lr": 0.009991312109137215, "data_time": 0.0048884391784667965, "loss": 0.08426730930805207, "decode.loss_ce": 0.06201875498518348, "decode.acc_seg": 100.0, "aux.loss_ce": 0.022248554136604072, "aux.acc_seg": 100.0, "time": 0.205452561378479, "iter": 40, "memory": 2234, "step": 40}
{"lr": 0.009989084308262066, "data_time": 0.0049588680267333984, "loss": 0.11902822740375996, "decode.loss_ce": 0.08772457726299762, "decode.acc_seg": 97.9443359375, "aux.loss_ce": 0.03130365014076233, "aux.acc_seg": 97.9443359375, "time": 0.20177218914031983, "iter": 50, "memory": 2234, "step": 50}
{"lr": 0.009986856451621492, "data_time": 0.005258369445800781, "loss": 0.14293582029640675, "decode.loss_ce": 0.09961787555366755, "decode.acc_seg": 94.5546875, "aux.loss_ce": 0.04331794632598758, "aux.acc_seg": 94.5546875, "time": 0.2039548397064209, "iter": 60, "memory": 2234, "step": 60}
{"lr": 0.009984628539200133, "data_time": 0.004605937004089356, "loss": 0.0825605034828186, "decode.loss_ce": 0.060295029915869235, "decode.acc_seg": 99.490234375, "aux.loss_ce": 0.022265475150197743, "aux.acc_seg": 99.490234375, "time": 0.2037661075592041, "iter": 70, "memory": 2234, "step": 70}
{"lr": 0.00998240057098262, "data_time": 0.004633259773254394, "loss": 0.1015714006498456, "decode.loss_ce": 0.07055128859356045, "decode.acc_seg": 95.6982421875, "aux.loss_ce": 0.031020112056285142, "aux.acc_seg": 95.6982421875, "time": 0.20273640155792236, "iter": 80, "memory": 2234, "step": 80}
{"lr": 0.009980172546953579, "data_time": 0.00448610782623291, "loss": 0.11086012739688159, "decode.loss_ce": 0.08061795169487596, "decode.acc_seg": 99.54296875, "aux.loss_ce": 0.030242174072191118, "aux.acc_seg": 99.54296875, "time": 0.20187220573425294, "iter": 90, "memory": 2234, "step": 90}
{"lr": 0.00997794446709763, "data_time": 0.005350542068481445, "loss": 0.13157515041530132, "decode.loss_ce": 0.0953979067504406, "decode.acc_seg": 99.9853515625, "aux.loss_ce": 0.036177244316786525, "aux.acc_seg": 99.9853515625, "time": 0.20648012161254883, "iter": 100, "memory": 2234, "step": 100}
{"lr": 0.009975716331399381, "data_time": 0.004616212844848633, "loss": 0.1219542657956481, "decode.loss_ce": 0.08516841847449541, "decode.acc_seg": 100.0, "aux.loss_ce": 0.03678584601730108, "aux.acc_seg": 100.0, "time": 0.20431702136993407, "iter": 110, "memory": 2234, "step": 110}
{"lr": 0.009973488139843433, "data_time": 0.005196785926818848, "loss": 0.09915639944374562, "decode.loss_ce": 0.06812022486701608, "decode.acc_seg": 99.216796875, "aux.loss_ce": 0.03103617476299405, "aux.acc_seg": 99.216796875, "time": 0.20624384880065919, "iter": 120, "memory": 2234, "step": 120}
{"lr": 0.009971259892414373, "data_time": 0.0047356605529785155, "loss": 0.07158115189522504, "decode.loss_ce": 0.050527464225888254, "decode.acc_seg": 98.8359375, "aux.loss_ce": 0.021053686970844865, "aux.acc_seg": 98.8359375, "time": 0.20672938823699952, "iter": 130, "memory": 2234, "step": 130}
{"lr": 0.009969031589096794, "data_time": 0.0047504186630249025, "loss": 0.06471442393958568, "decode.loss_ce": 0.04611479816958308, "decode.acc_seg": 99.0078125, "aux.loss_ce": 0.01859962474554777, "aux.acc_seg": 99.0078125, "time": 0.20697450637817383, "iter": 140, "memory": 2234, "step": 140}
{"lr": 0.009966803229875268, "data_time": 0.004892706871032715, "loss": 0.13866921328008175, "decode.loss_ce": 0.09997452953830362, "decode.acc_seg": 99.814453125, "aux.loss_ce": 0.03869468341581524, "aux.acc_seg": 99.814453125, "time": 0.203788423538208, "iter": 150, "memory": 2234, "step": 150}
{"lr": 0.009964574814734365, "data_time": 0.004704141616821289, "loss": 0.13223414458334445, "decode.loss_ce": 0.09191725440323353, "decode.acc_seg": 99.3671875, "aux.loss_ce": 0.040316890366375445, "aux.acc_seg": 99.3671875, "time": 0.2004467248916626, "iter": 160, "memory": 2234, "step": 160}
{"lr": 0.009962346343658644, "data_time": 0.005975055694580078, "loss": 0.12851416654884815, "decode.loss_ce": 0.09022113727405667, "decode.acc_seg": 98.70703125, "aux.loss_ce": 0.03829302880913019, "aux.acc_seg": 98.70703125, "time": 0.20291409492492676, "iter": 170, "memory": 2234, "step": 170}
{"lr": 0.009960117816632657, "data_time": 0.004912328720092773, "loss": 0.07395881563425064, "decode.loss_ce": 0.052110719867050646, "decode.acc_seg": 99.1328125, "aux.loss_ce": 0.021848095627501608, "aux.acc_seg": 99.1328125, "time": 0.20350291728973388, "iter": 180, "memory": 2234, "step": 180}
{"lr": 0.009957889233640951, "data_time": 0.005052542686462403, "loss": 0.11099735051393508, "decode.loss_ce": 0.0740222742781043, "decode.acc_seg": 98.67578125, "aux.loss_ce": 0.03697507616598159, "aux.acc_seg": 98.67578125, "time": 0.20819625854492188, "iter": 190, "memory": 2234, "step": 190}
{"lr": 0.009955660594668054, "data_time": 0.0049721717834472655, "loss": 0.12489852905273438, "decode.loss_ce": 0.08394289501011372, "decode.acc_seg": 99.24853515625, "aux.loss_ce": 0.040955633856356144, "aux.acc_seg": 99.416015625, "time": 0.20560216903686523, "iter": 200, "memory": 2234, "step": 200}
{"lr": 0.009953431899698504, "data_time": 0.1880561590194702, "loss": 0.07755361199378967, "decode.loss_ce": 0.05593627039343119, "decode.acc_seg": 98.994140625, "aux.loss_ce": 0.021617342438548803, "aux.acc_seg": 98.994140625, "time": 0.38985214233398435, "iter": 210, "memory": 2234, "step": 210}
{"lr": 0.009951203148716815, "data_time": 0.0049652099609375, "loss": 0.09759004972875118, "decode.loss_ce": 0.06839110367000104, "decode.acc_seg": 100.0, "aux.loss_ce": 0.029198947036638855, "aux.acc_seg": 100.0, "time": 0.20925779342651368, "iter": 220, "memory": 2234, "step": 220}
{"lr": 0.009948974341707497, "data_time": 0.005594706535339356, "loss": 0.12746117003262042, "decode.loss_ce": 0.089912673458457, "decode.acc_seg": 98.939453125, "aux.loss_ce": 0.03754849568940699, "aux.acc_seg": 98.939453125, "time": 0.20709512233734131, "iter": 230, "memory": 2234, "step": 230}
{"lr": 0.009946745478655051, "data_time": 0.004963541030883789, "loss": 0.09886831864714622, "decode.loss_ce": 0.06582293529063463, "decode.acc_seg": 97.330078125, "aux.loss_ce": 0.03304538270458579, "aux.acc_seg": 97.330078125, "time": 0.20688631534576415, "iter": 240, "memory": 2234, "step": 240}
{"lr": 0.00994451655954398, "data_time": 0.0047443628311157225, "loss": 0.10849531553685665, "decode.loss_ce": 0.07733093351125717, "decode.acc_seg": 93.091796875, "aux.loss_ce": 0.03116437988355756, "aux.acc_seg": 93.091796875, "time": 0.207132887840271, "iter": 250, "memory": 2234, "step": 250}
{"lr": 0.009942287584358764, "data_time": 0.004559469223022461, "loss": 0.04780938383191824, "decode.loss_ce": 0.03364530801773071, "decode.acc_seg": 99.375, "aux.loss_ce": 0.014164075301960111, "aux.acc_seg": 99.375, "time": 0.20140862464904785, "iter": 260, "memory": 2234, "step": 260}
{"lr": 0.00994005855308388, "data_time": 0.004352068901062012, "loss": 0.14194893874228, "decode.loss_ce": 0.09929961543530226, "decode.acc_seg": 91.5732421875, "aux.loss_ce": 0.042649325681850314, "aux.acc_seg": 91.5732421875, "time": 0.20010831356048583, "iter": 270, "memory": 2234,