{"lr": 0.009997995177323568, "data_time": 0.004203343391418457, "loss": 0.238865783251822, "decode.loss_ce": 0.1734766298905015, "decode.acc_seg": 93.880859375, "aux.loss_ce": 0.06538915503770112, "aux.acc_seg": 93.880859375, "time": 0.7943420648574829, "iter": 10, "memory": 9563, "step": 10}
{"lr": 0.00999576754365263, "data_time": 0.004680132865905762, "loss": 0.10103158988058566, "decode.loss_ce": 0.07289663776755333, "decode.acc_seg": 100.0, "aux.loss_ce": 0.028134951088577508, "aux.acc_seg": 100.0, "time": 0.20069916248321534, "iter": 20, "memory": 2236, "step": 20}
{"lr": 0.00999353985426229, "data_time": 0.004614019393920898, "loss": 0.1446333836764097, "decode.loss_ce": 0.0987921105697751, "decode.acc_seg": 97.6259765625, "aux.loss_ce": 0.04584127357229591, "aux.acc_seg": 97.6259765625, "time": 0.19973292350769042, "iter": 30, "memory": 2236, "step": 30}
{"lr": 0.009991312109137215, "data_time": 0.004717111587524414, "loss": 0.08226648047566414, "decode.loss_ce": 0.058441943116486074, "decode.acc_seg": 100.0, "aux.loss_ce": 0.023824537452310324, "aux.acc_seg": 100.0, "time": 0.2020815134048462, "iter": 40, "memory": 2236, "step": 40}
{"lr": 0.009989084308262066, "data_time": 0.004463744163513183, "loss": 0.12079620733857155, "decode.loss_ce": 0.08723787274211645, "decode.acc_seg": 97.9443359375, "aux.loss_ce": 0.03355833385139704, "aux.acc_seg": 97.9443359375, "time": 0.19993898868560792, "iter": 50, "memory": 2236, "step": 50}
{"lr": 0.009986856451621492, "data_time": 0.004535484313964844, "loss": 0.15560059063136578, "decode.loss_ce": 0.1091972965747118, "decode.acc_seg": 94.5546875, "aux.loss_ce": 0.04640329517424106, "aux.acc_seg": 94.5546875, "time": 0.20007941722869874, "iter": 60, "memory": 2236, "step": 60}
{"lr": 0.009984628539200133, "data_time": 0.0044535636901855465, "loss": 0.09968219436705113, "decode.loss_ce": 0.07012255135923624, "decode.acc_seg": 99.490234375, "aux.loss_ce": 0.029559643007814884, "aux.acc_seg": 99.490234375, "time": 0.20038959980010987, "iter": 70, "memory": 2236, "step": 70}
{"lr": 0.00998240057098262, "data_time": 0.004662251472473145, "loss": 0.09768920857459307, "decode.loss_ce": 0.06883010463789105, "decode.acc_seg": 95.6982421875, "aux.loss_ce": 0.028859104635193943, "aux.acc_seg": 95.6982421875, "time": 0.20000360012054444, "iter": 80, "memory": 2236, "step": 80}
{"lr": 0.009980172546953579, "data_time": 0.0043487548828125, "loss": 0.10656090267002583, "decode.loss_ce": 0.07492813719436527, "decode.acc_seg": 99.54296875, "aux.loss_ce": 0.03163276417180896, "aux.acc_seg": 99.54296875, "time": 0.19886841773986816, "iter": 90, "memory": 2236, "step": 90}
{"lr": 0.00997794446709763, "data_time": 0.004421401023864746, "loss": 0.13578575626015663, "decode.loss_ce": 0.09909919500350953, "decode.acc_seg": 99.9853515625, "aux.loss_ce": 0.036686560092493894, "aux.acc_seg": 99.9853515625, "time": 0.19954934120178222, "iter": 100, "memory": 2236, "step": 100}
{"lr": 0.009975716331399381, "data_time": 0.0045029640197753905, "loss": 0.12360869199037552, "decode.loss_ce": 0.08278200812637806, "decode.acc_seg": 100.0, "aux.loss_ce": 0.040826682839542626, "aux.acc_seg": 100.0, "time": 0.20010864734649658, "iter": 110, "memory": 2236, "step": 110}
{"lr": 0.009973488139843433, "data_time": 0.004494142532348633, "loss": 0.10197103694081307, "decode.loss_ce": 0.06968702990561723, "decode.acc_seg": 99.216796875, "aux.loss_ce": 0.032284007873386145, "aux.acc_seg": 99.216796875, "time": 0.19856221675872804, "iter": 120, "memory": 2236, "step": 120}
{"lr": 0.009971259892414373, "data_time": 0.005328369140625, "loss": 0.07902180328965187, "decode.loss_ce": 0.056711295992136, "decode.acc_seg": 98.8359375, "aux.loss_ce": 0.02231050874106586, "aux.acc_seg": 98.8359375, "time": 0.2019411325454712, "iter": 130, "memory": 2236, "step": 130}
{"lr": 0.009969031589096794, "data_time": 0.004385042190551758, "loss": 0.07416518554091453, "decode.loss_ce": 0.054172080103307964, "decode.acc_seg": 99.0078125, "aux.loss_ce": 0.01999310739338398, "aux.acc_seg": 99.0078125, "time": 0.19989655017852784, "iter": 140, "memory": 2236, "step": 140}
{"lr": 0.009966803229875268, "data_time": 0.004635429382324219, "loss": 0.13982409238815308, "decode.loss_ce": 0.09820446595549584, "decode.acc_seg": 99.814453125, "aux.loss_ce": 0.04161962615326047, "aux.acc_seg": 99.814453125, "time": 0.20187573432922362, "iter": 150, "memory": 2236, "step": 150}
{"lr": 0.009964574814734365, "data_time": 0.00443727970123291, "loss": 0.14079009667038916, "decode.loss_ce": 0.09951262883841991, "decode.acc_seg": 99.3671875, "aux.loss_ce": 0.04127747006714344, "aux.acc_seg": 99.3671875, "time": 0.20086092948913575, "iter": 160, "memory": 2236, "step": 160}
{"lr": 0.009962346343658644, "data_time": 0.004351329803466797, "loss": 0.1277546189725399, "decode.loss_ce": 0.08650359380990266, "decode.acc_seg": 98.70703125, "aux.loss_ce": 0.0412510234862566, "aux.acc_seg": 98.70703125, "time": 0.19986889362335206, "iter": 170, "memory": 2236, "step": 170}
{"lr": 0.009960117816632657, "data_time": 0.0044684171676635746, "loss": 0.0739818463101983, "decode.loss_ce": 0.05064606741070747, "decode.acc_seg": 99.1328125, "aux.loss_ce": 0.023335778107866644, "aux.acc_seg": 99.1328125, "time": 0.20082600116729737, "iter": 180, "memory": 2236, "step": 180}
{"lr": 0.009957889233640951, "data_time": 0.004538726806640625, "loss": 0.13120568878948688, "decode.loss_ce": 0.09193526487797499, "decode.acc_seg": 98.67578125, "aux.loss_ce": 0.039270422887057066, "aux.acc_seg": 98.67578125, "time": 0.19899413585662842, "iter": 190, "memory": 2236, "step": 190}
{"lr": 0.009955660594668054, "data_time": 0.004405093193054199, "loss": 0.13308653458952904, "decode.loss_ce": 0.08703366816043853, "decode.acc_seg": 99.416015625, "aux.loss_ce": 0.04605286587029696, "aux.acc_seg": 99.416015625, "time": 0.1996994972229004, "iter": 200, "memory": 2236, "step": 200}
{"lr": 0.009953431899698504, "data_time": 0.1783370018005371, "loss": 0.07879933305084705, "decode.loss_ce": 0.05550975520163774, "decode.acc_seg": 98.994140625, "aux.loss_ce": 0.023289578221738338, "aux.acc_seg": 98.994140625, "time": 0.3732446193695068, "iter": 210, "memory": 2236, "step": 210}
{"lr": 0.009951203148716815, "data_time": 0.004655909538269043, "loss": 0.10711546884849668, "decode.loss_ce": 0.07959707463160157, "decode.acc_seg": 100.0, "aux.loss_ce": 0.027518394822254776, "aux.acc_seg": 100.0, "time": 0.20163090229034425, "iter": 220, "memory": 2236, "step": 220}
{"lr": 0.009948974341707497, "data_time": 0.004434561729431153, "loss": 0.1337755899876356, "decode.loss_ce": 0.08894761931151152, "decode.acc_seg": 98.939453125, "aux.loss_ce": 0.04482797123491764, "aux.acc_seg": 98.939453125, "time": 0.2001046895980835, "iter": 230, "memory": 2236, "step": 230}
{"lr": 0.009946745478655051, "data_time": 0.0043921232223510746, "loss": 0.10383988469839096, "decode.loss_ce": 0.06969277914613485, "decode.acc_seg": 97.330078125, "aux.loss_ce": 0.03414710462093353, "aux.acc_seg": 97.330078125, "time": 0.19894263744354249, "iter": 240, "memory": 2236, "step": 240}
{"lr": 0.00994451655954398, "data_time": 0.0043130159378051754, "loss": 0.1016816332936287, "decode.loss_ce": 0.07216711379587651, "decode.acc_seg": 93.091796875, "aux.loss_ce": 0.029514518566429615, "aux.acc_seg": 93.091796875, "time": 0.1983184576034546, "iter": 250, "memory": 2236, "step": 250}
{"lr": 0.009942287584358764, "data_time": 0.004457259178161621, "loss": 0.05593932494521141, "decode.loss_ce": 0.038790003024041654, "decode.acc_seg": 99.375, "aux.loss_ce": 0.0171493221540004, "aux.acc_seg": 99.375, "time": 0.19994816780090333, "iter": 260, "memory": 2236, "step": 260}
{"lr": 0.00994005855308388, "data_time": 0.004855513572692871, "loss": 0.15846918486058711, "decode.loss_ce": 0.11131479851901531, "decode.acc_seg": 91.5732421875, "aux.loss_ce": 0.04715438545681536, "aux.acc_seg": 91.5732421875, "time": 0.20075614452362062, "iter": 270, "memory": 2236,